,,RIT:BBH:0001-n100-id3,RIT:BBH:0002-n100-id0,RIT:BBH:0003-n100-id0,RIT:BBH:0004-n100-id0,RIT:BBH:0005-n100-id0,RIT:BBH:0006-n100-id3,RIT:BBH:0007-n100-id0,RIT:BBH:0008-n100-id0,RIT:BBH:0009-n100-id0,RIT:BBH:0010-n100-id0,RIT:BBH:0011-n100-id0,RIT:BBH:0012-n100-id0,RIT:BBH:0013-n100-id0,RIT:BBH:0014-n120-id0,RIT:BBH:0015-n100-id0,RIT:BBH:0016-n120-id0,RIT:BBH:0017-n100-id0,RIT:BBH:0018-n120-id0,RIT:BBH:0019-n100-id0,RIT:BBH:0020-n100-id0,RIT:BBH:0021-n100-id0,RIT:BBH:0022-n100-id0,RIT:BBH:0023-n100-id0,RIT:BBH:0024-n100-id0,RIT:BBH:0025-n100-id0,RIT:BBH:0026-n100-id0,RIT:BBH:0027-n100-id0,RIT:BBH:0028-n100-id0,RIT:BBH:0029-n100-id0,RIT:BBH:0030-n100-id0,RIT:BBH:0031-n100-id0,RIT:BBH:0032-n100-id0,RIT:BBH:0033-n100-id0,RIT:BBH:0034-n100-id0,RIT:BBH:0035-n100-id0,RIT:BBH:0036-n100-id0,RIT:BBH:0037-n120-id0,RIT:BBH:0039-n100-id3,RIT:BBH:0040-n100-id3,RIT:BBH:0041-n100-id3,RIT:BBH:0042-n100-id0,RIT:BBH:0043-n100-id3,RIT:BBH:0044-n100-id0,RIT:BBH:0045-n100-id3,RIT:BBH:0046-n100-id0,RIT:BBH:0047-n100-id0,RIT:BBH:0048-n100-id0,RIT:BBH:0049-n100-id0,RIT:BBH:0050-n100-id3,RIT:BBH:0051-n100-id3,RIT:BBH:0052-n100-id0,RIT:BBH:0053-n100-id0,RIT:BBH:0054-n100-id0,RIT:BBH:0055-n100-id0,RIT:BBH:0056-n100-id0,RIT:BBH:0057-n100-id0,RIT:BBH:0058-n100-id0,RIT:BBH:0059-n100-id0,RIT:BBH:0060-n100-id0,RIT:BBH:0061-n140-id0,RIT:BBH:0062-n120-id3,RIT:BBH:0063-n100-id3,RIT:BBH:0064-n100-id0,RIT:BBH:0065-n100-id0,RIT:BBH:0066-n100-id0,RIT:BBH:0067-n100-id3,RIT:BBH:0068-n100-id0,RIT:BBH:0069-n100-id3,RIT:BBH:0070-n100-id3,RIT:BBH:0071-n100-id3,RIT:BBH:0072-n100-id3,RIT:BBH:0073-n100-id0,RIT:BBH:0074-n100-id3,RIT:BBH:0075-n100-id3,RIT:BBH:0076-n100-id3,RIT:BBH:0077-n100-id3,RIT:BBH:0078-n100-id0,RIT:BBH:0079-n100-id3,RIT:BBH:0080-n100-id3,RIT:BBH:0081-n100-id3,RIT:BBH:0082-n100-id3
2,-2,"(0.9958790826505033, 0.9983145186661504)","(0.3612637383988519, 0.34990741169812956)","(0.39820809539077234, 0.3804447129581093)","(0.44482007708765, 0.41850040575815955)","(0.5249664996332304, 0.4936873837881235)","(0.8311662326379556, 0.7674021516940004)","(0.884994786957473, 0.8415315345001992)","(0.986515578171777, 0.9778662877691825)","(0.6896726302450706, 0.5815330462936408)","(0.4763488318045785, 0.571087624984292)","(0.48391355413942294, 0.5226653350526297)","(0.4808856419543601, 0.4525661763855609)","(0.9936735153384425, 0.9842574167048538)","(0.43992172337118934, 0.40138990128541535)","(0.6314201905049264, 0.49196753105448743)","(0.9929779756656153, 0.9784432686448553)","(0.9964152381456609, 0.9801169848312271)","(0.3270474630790574, 0.3338455895123958)","(0.29875028495892536, 0.28324014764433914)","(0.6818692436342709, 0.6188112561803907)","(0.4228198686375869, 0.39969969620719287)","(0.9621880547030359, 0.9538317849357042)","(0.9833584481587916, 0.9441642543206563)","(0.966380435797687, 0.9638890466688298)","(0.9920320682617696, 0.9845762619811942)","(0.8603017099411631, 0.8065377162313366)","(0.9934192221371041, 0.9871985624662769)","(0.9939965492574232, 0.9861154079781764)","(0.9956751275934577, 0.9848395998353306)","(0.9936018754104926, 0.9897244540681551)","(0.993334311892301, 0.9887284739561032)","(0.9044367633531606, 0.8609923102514779)","(0.5407446589017392, 0.5010502565861242)","(0.787780229488148, 0.6853286486646343)","(0.8425009730317631, 0.7816197252736653)","(0.9956924233789877, 0.9921859148237826)","(0.9881313013534703, 0.9852483565420106)","(0.9853878346282302, 0.9842499586591386)","(0.968658409727864, 0.9593186982617262)","(0.971254910389374, 0.9613665469469584)","(0.9556132474680754, 0.932582046191573)","(0.9300896058527987, 0.9059048176322918)","(0.8125989380646214, 0.7407766651370377)","(0.9975275230537021, 0.9984860918614842)","(0.9703194794623208, 0.9546167156266216)","(0.939063780152612, 0.9268763364041677)","(0.9394178136374223, 0.9094125422688737)","(0.8174750434479048, 0.7962694835337154)","(0.967939126022838, 0.9551541788779219)","(0.9354431836829858, 0.924777968390558)","(0.9849403764771074, 0.9744108974505126)","(0.8493148520268329, 0.8214675422527035)","(0.8555948435122217, 0.8249523943454992)","(0.996283178332968, 0.9926554370121398)","(0.6955646401446538, 0.656310861104878)","(0.9402177741161097, 0.9188108949773967)","(0.8252796173081915, 0.8032373696515908)","(0.7417937759208423, 0.6966779962355119)","(0.6736532222071423, 0.6203901877973865)","(0.8123811676567297, 0.7405287186131371)","(0.9233218993057558, 0.9162423520223466)","(0.9951907941689767, 0.9951932499565596)","(0.9929145518856256, 0.9833962162726773)","(0.9886555110624045, 0.9782139495873259)","(0.9852172420220754, 0.9746979048267724)","(0.9963051465022724, 0.9968780033026433)","(0.9648257981226622, 0.9560248146615612)","(0.9982170724746191, 0.9976727807054675)","(0.998331107128711, 0.9984851799767367)","(0.9975797829818567, 0.9963422409916658)","(0.9983530757898673, 0.9955502411229323)","(0.9893136947540564, 0.986364987018278)","(0.5435100123980423, 0.4989055796775852)","(0.9670154509956695, 0.9643433822706747)","(0.4796404167707379, 0.4621067952897128)","(0.9982861892931665, 0.9974189233739812)","(0.47642143925106917, 0.45050085655702704)","(0.6720459170086243, 0.6556449407100912)","(0.7966462190195209, 0.778525809993527)","(0.5506096944260016, 0.5532501080806747)","(0.9818309492757161, 0.9807397566488301)"
2,-1,"(0.3645734944159528, 0.3550819631250743)","(0.5712091185757205, 0.5655615287533408)","(0.6405597824215546, 0.6392860603109717)","(0.7195875787320798, 0.7247754067694722)","(0.846660701483339, 0.8403210370762689)","(0.9500936569526159, 0.9482269660852846)","(0.9888379866020494, 0.9882223763745978)","(0.9913973105817316, 0.9912110123712081)","(0.9741533067390638, 0.9704169242497035)","(0.9379158409681796, 0.9305936069543652)","(0.9550559792544748, 0.9523661101425112)","(0.9360413218695603, 0.9340867917380935)","(0.9994079792799339, 0.9992814992639849)","(0.4909291011178705, 0.46546322133980667)","(0.8900349260195136, 0.8864054656001327)","(0.9975309656648629, 0.9982587694515749)","(0.9982595303530026, 0.9988201202067156)","(0.44041670166875224, 0.44897341811186364)","(0.6284407937421032, 0.6198820553520676)","(0.9715116232364683, 0.9722273352766876)","(0.9010285898637048, 0.9075436874807924)","(0.9979876770771716, 0.9972862988612154)","(0.9911181648362005, 0.9924032670507992)","(0.9986040803890491, 0.9981801489163933)","(0.7974799362057426, 0.8105281217687365)","(0.861154150863754, 0.8566376599759334)","(0.996887682916512, 0.9984253574108201)","(0.9974605099480264, 0.9986022742304559)","(0.9976199043119737, 0.9984231327360754)","(0.9953169434372698, 0.9953286130633489)","(0.995026186484265, 0.9963055406104874)","(0.9847312405084874, 0.982003344276541)","(0.8201745634799101, 0.8026515475579388)","(0.9585091534817121, 0.9551758170171707)","(0.9790672238906224, 0.9784793294210282)","(0.9861868742919091, 0.9901567414602357)","(0.9965298363894404, 0.998470622118236)","(0.9824441166686937, 0.9826929383761742)","(0.7226730234388902, 0.7194131097641202)","(0.6569441265444442, 0.6808891007894418)","(0.9371661681165269, 0.9385612366358582)","(0.9697723247532593, 0.9682547060727925)","(0.9732026654016446, 0.9708341588018757)","(0.9977374183073191, 0.9984644790732573)","(0.9244521817203067, 0.9266170517155331)","(0.8162491635024628, 0.8145726406157177)","(0.918751965971271, 0.9198640566531067)","(0.9615581800813594, 0.9580215357908176)","(0.9216583000342197, 0.920843705650058)","(0.8283565307857179, 0.8298971440635151)","(0.9972919909404133, 0.9975937322135028)","(0.9755225474083945, 0.9744658859800417)","(0.9825834982529261, 0.9830701745698115)","(0.9962162957014707, 0.9976884680984122)","(0.971772688434086, 0.9717797695200731)","(0.9176026292174723, 0.9171637516577963)","(0.9674250351300416, 0.9749613491519666)","(0.981313115584447, 0.9815057171599482)","(0.9740884729649889, 0.9726129576824557)","(0.973134955260305, 0.9707758122896345)","(0.9850897615467389, 0.985757773913208)","(0.305318805339782, 0.3278951766045943)","(0.9986813058815521, 0.9990969941470327)","(0.9975498964177821, 0.9978804559409438)","(0.5210037114751487, 0.5257762784064077)","(0.33276834109014614, 0.26258975615605895)","(0.4194711398515971, 0.3431754384511177)","(0.9983285419950372, 0.998873803772117)","(0.3414319268671902, 0.25736294286492933)","(0.9990519951909115, 0.9994643351116087)","(0.24501693339593528, 0.3630661945568449)","(0.9945970878636028, 0.9949667868076292)","(0.8157501981058302, 0.8080881824215914)","(0.9891669555921435, 0.9910146643095298)","(0.6799524007217628, 0.6834052648000655)","(0.9979710119462292, 0.9985582355998462)","(0.8278082528361729, 0.8225477999832077)","(0.9619211905899671, 0.9631377227969391)","(0.9910361683689897, 0.9911714993397477)","(0.9714469108745069, 0.9713274902505108)","(0.9983194391963535, 0.998825983895896)"
2,0,"(nan, nan)","(nan, nan)","(nan, nan)","(nan, nan)","(nan, nan)","(nan, nan)","(nan, nan)","(nan, nan)","(nan, nan)","(nan, nan)","(nan, nan)","(nan, nan)","(nan, nan)","(nan, nan)","(nan, nan)","(nan, nan)","(nan, nan)","(nan, nan)","(nan, nan)","(nan, nan)","(nan, nan)","(nan, nan)","(nan, nan)","(nan, nan)","(nan, nan)","(nan, nan)","(nan, nan)","(nan, nan)","(nan, nan)","(nan, nan)","(nan, nan)","(nan, nan)","(nan, nan)","(nan, nan)","(nan, nan)","(nan, nan)","(nan, nan)","(nan, nan)","(nan, nan)","(nan, nan)","(nan, nan)","(nan, nan)","(nan, nan)","(nan, nan)","(nan, nan)","(nan, nan)","(nan, nan)","(nan, nan)","(nan, nan)","(nan, nan)","(nan, nan)","(nan, nan)","(nan, nan)","(nan, nan)","(nan, nan)","(nan, nan)","(nan, nan)","(nan, nan)","(nan, nan)","(nan, nan)","(nan, nan)","(nan, nan)","(nan, nan)","(nan, nan)","(nan, nan)","(nan, nan)","(nan, nan)","(nan, nan)","(nan, nan)","(nan, nan)","(nan, nan)","(nan, nan)","(nan, nan)","(nan, nan)","(nan, nan)","(nan, nan)","(nan, nan)","(nan, nan)","(nan, nan)","(nan, nan)","(nan, nan)"
2,1,"(0.3766277080766063, 0.3942370778159081)","(0.5703045916994276, 0.5648101464544184)","(0.6397098323893488, 0.6387096149246538)","(0.7200429764559165, 0.7250451209980571)","(0.8478949963037214, 0.8409719321876222)","(0.9500046044156607, 0.9482250280710455)","(0.9878199766665058, 0.9869335414445614)","(0.9920035667422442, 0.9925376799476463)","(0.9724320323235067, 0.9685261971254521)","(0.9386541191422779, 0.9334639379821101)","(0.9531918317043603, 0.9504994995549737)","(0.9350686578381904, 0.9346444161207681)","(0.9995763083146478, 0.9992614725756159)","(0.4904336751152168, 0.4661299752055804)","(0.8895944651758818, 0.8856491994521497)","(0.997653553157127, 0.9985010011201418)","(0.9984465893270374, 0.9989425508498664)","(0.4504861417111353, 0.4567922812153625)","(0.6046273899998942, 0.6026055760837099)","(0.9731307759296404, 0.9736504305279265)","(0.8978771418575078, 0.9047857565984773)","(0.9979564991319129, 0.9974319755042989)","(0.9909239042486013, 0.9922477182305003)","(0.9986677349188678, 0.9982064827316385)","(0.7383233672349693, 0.7481244295424216)","(0.868446808569214, 0.8672186284506807)","(0.9964966346877663, 0.9979824719100103)","(0.9971239051224993, 0.9982302144018098)","(0.9971526311329639, 0.9978941744430915)","(0.9954046982090755, 0.9954088140548979)","(0.995657075347828, 0.996915496399552)","(0.9850362357512268, 0.982307883597483)","(0.8135116537817851, 0.7966957424497993)","(0.9585827106643638, 0.9552855269621249)","(0.9804142213385384, 0.9798749495234531)","(0.9872588867559554, 0.9906589333620536)","(0.9964358932775459, 0.9985049355412193)","(0.9832135195063707, 0.9835250503887402)","(0.7230608906631872, 0.7198623734937153)","(0.6534022342601781, 0.6679480735980365)","(0.9371746228840309, 0.9388546995086583)","(0.9710657599433209, 0.9692440664739185)","(0.9737602354503395, 0.9713397352396519)","(0.9977807679589764, 0.9986100870758762)","(0.9343834301483298, 0.9357350963791455)","(0.813422599262232, 0.8124122528492481)","(0.9298637872548653, 0.9320937869977581)","(0.9616614635480379, 0.957807541513643)","(0.9216410439770938, 0.9207682358644799)","(0.8232509842211301, 0.8226064481330617)","(0.9978301828345336, 0.9980464614046541)","(0.9754826722960891, 0.9743914131357467)","(0.9835909128440281, 0.9839428283941171)","(0.9963614872769707, 0.9979517906431099)","(0.9717065413312689, 0.9714546632285015)","(0.9156270689504199, 0.9153563578451144)","(0.9684779891464743, 0.974599327920709)","(0.9813273740783326, 0.9815291893595821)","(0.9755938130602912, 0.9739455618614369)","(0.9734991022755032, 0.9710628334100704)","(0.9848860272202469, 0.9853314399437535)","(0.32408567343702416, 0.3279697210844052)","(0.9982166147578362, 0.9986876952185306)","(0.9981182525765664, 0.9984577019978277)","(0.2646267334542406, 0.26253988826564006)","(0.2704864399837137, 0.16282502996411058)","(0.34434422413774424, 0.29402851681287423)","(0.9987755900936756, 0.998988297505793)","(0.2343079104072189, 0.1343618107202678)","(0.99912176143637, 0.9994259814915215)","(0.21226495951736532, 0.2782815210399065)","(0.9960929192534328, 0.9964658970158627)","(0.817462469846755, 0.8096711829314125)","(0.9890483477093482, 0.9912384937961247)","(0.6701223969790745, 0.6740342966496865)","(0.9980710623350857, 0.9987072424655165)","(0.7885706693961014, 0.7827987589108228)","(0.9603961963842074, 0.9616804859807037)","(0.9911092640608742, 0.9911841064679725)","(0.96888691514911, 0.9685097972291209)","(0.9983519498059239, 0.998857338456293)"
2,2,"(0.9958783851445813, 0.9983147087829253)","(0.3612877273794196, 0.3501185171261778)","(0.3981249004310179, 0.38043400595795307)","(0.44487559888371137, 0.41839802266060194)","(0.5250147864220583, 0.49368929938569117)","(0.8312338134650228, 0.7674882646462882)","(0.8849497991497933, 0.8414677723333359)","(0.9865266767945361, 0.9778836716150214)","(0.6895066991078216, 0.581349129147429)","(0.47730233205877765, 0.5721713349017111)","(0.48411679950663883, 0.5228267566613951)","(0.4812387933602693, 0.4529763893208018)","(0.9936684821600714, 0.9842551929223755)","(0.43989443402277534, 0.4018178103018949)","(0.6315796256019451, 0.49197083659666385)","(0.99298035782999, 0.9784479040747058)","(0.996415114465598, 0.9801272836056347)","(0.32700873768811256, 0.33379492812134126)","(0.2990977377623583, 0.28355811025448296)","(0.6817866215019844, 0.6187311623489578)","(0.4227266120300306, 0.3995693318945519)","(0.9621683367249433, 0.9538359636272284)","(0.9832966645368997, 0.9441285618723161)","(0.9663657186569572, 0.963879405412581)","(0.9920521041402361, 0.9845999662050133)","(0.8603861104112214, 0.8066175811233189)","(0.9934175262733883, 0.9871980332223063)","(0.9939973784277601, 0.9861153304632596)","(0.9956731612302705, 0.9848389586328103)","(0.9935892640248759, 0.9897382991953524)","(0.9933342297109885, 0.9887240855084128)","(0.9043935065194757, 0.8609303933627998)","(0.5406857489883091, 0.501013182486564)","(0.787847822533694, 0.6854049962497253)","(0.8424869609252154, 0.7815997958281294)","(0.9956864908055955, 0.992182428114828)","(0.9881019356325946, 0.9852505628550166)","(0.9853635137073068, 0.9842204149441633)","(0.9686138472769789, 0.9592681034977205)","(0.9712756654695393, 0.9613861526551032)","(0.9555649265944776, 0.9325268028749235)","(0.9301062578862037, 0.9059240308539898)","(0.8124703056308338, 0.7406305222037225)","(0.9975273359726402, 0.9984846498392419)","(0.9703381682619336, 0.9546365440153411)","(0.9390023712067529, 0.9268110491340751)","(0.9394240552111562, 0.9094161321176276)","(0.8173793916864664, 0.7961687398536109)","(0.9679059904362637, 0.955122232131059)","(0.9354933512827315, 0.9248274816588896)","(0.9849362994356653, 0.9744047012403863)","(0.8492019873019335, 0.8213486940146791)","(0.8555908644461417, 0.8249471526508305)","(0.9962838670203807, 0.9926622519891328)","(0.6953212129833855, 0.6560535041865873)","(0.9401863629126425, 0.9187765429503361)","(0.8253857782127486, 0.8033503041309669)","(0.7416851719607078, 0.6965542292383161)","(0.6736013435876654, 0.6203407616496441)","(0.8122525681405484, 0.7403850320454032)","(0.9232426225384824, 0.916162366277995)","(0.9951917045591517, 0.9952292641247557)","(0.992915620507576, 0.9833980116432179)","(0.9886667074401132, 0.9782186437540819)","(0.9852168094551261, 0.9746982111356264)","(0.9963054141049574, 0.9968745179101284)","(0.964868170081196, 0.9560224432289107)","(0.9982146061977305, 0.9976709769854399)","(0.9983286944667356, 0.9984851617001788)","(0.9975830415826451, 0.9963466369105737)","(0.9983524841712235, 0.9955482369230957)","(0.989317088321823, 0.9863658604458418)","(0.5437802036815199, 0.49877866810553934)","(0.9670234823900816, 0.964350639083945)","(0.47973355066809426, 0.4621648280760912)","(0.9982912921899826, 0.9974172041925492)","(0.4763354710168753, 0.45041006431965597)","(0.6719961793507128, 0.6555959033351693)","(0.7967810883936027, 0.7786437941576917)","(0.5505544417588951, 0.5531954983968281)","(0.9818219718761751, 0.9807253858290792)"
3,-3,"(0.36376074393161334, 0.36090197757757725)","(0.25445629256015556, 0.24205796085597622)","(0.3007573644098013, 0.26159835643813495)","(0.37556541024816603, 0.31616438089698357)","(0.4678690491786775, 0.3856085902279804)","(0.6489981818713784, 0.543261789233968)","(0.7839180334456899, 0.6969102952255657)","(0.9863961381840801, 0.9797722786065143)","(0.4569256492232789, 0.4983767661615875)","(0.4750439233491245, 0.45669946647221327)","(0.521251191359619, 0.4764014712369111)","(0.399678729886054, 0.3549660809179062)","(0.9892193801343284, 0.9874921801718236)","(0.4693561336910776, 0.3862279374384057)","(0.5215487880182776, 0.5245323631406639)","(0.9571234666328828, 0.9537326897694417)","(0.9792971664199979, 0.9771747010536874)","(0.3314641601509602, 0.3158732945302462)","(0.28967255216559595, 0.2753155427608528)","(0.4697919954376023, 0.49948084393716363)","(0.44730602238698725, 0.4148660392137108)","(0.9829375144868354, 0.973987142297189)","(0.9669874703425905, 0.9451455105827071)","(0.9750950287186814, 0.9746988695049641)","(0.9848528161796465, 0.978126473696031)","(0.7084118081226738, 0.6003385533911784)","(0.9586000389502087, 0.9554191472199305)","(0.968585526957412, 0.9657903322943224)","(0.9698506626909658, 0.9669234292165543)","(0.9108663728224748, 0.9081879087771012)","(0.9565725809359356, 0.9537178866226197)","(0.7968312191094398, 0.7149507931261491)","(0.5066020906148485, 0.43918207251665614)","(0.588006517519714, 0.4998372402188276)","(0.6662827347519377, 0.5609989658195965)","(0.9963847592858573, 0.9965402470973395)","(0.9418390269256459, 0.937702027700373)","(0.9804425197201492, 0.9728557185765571)","(0.9437845111943888, 0.918301944803469)","(0.9494728600554392, 0.92407684848739)","(0.9077527465627168, 0.870159001747632)","(0.855385669204111, 0.7973480416947999)","(0.6282569679677331, 0.5310418394492349)","(0.9989196658321368, 0.999632445792643)","(0.9456859866338082, 0.9270829212300928)","(0.8545433825572777, 0.8358373420564632)","(0.8893624890946231, 0.8458244057702401)","(0.5955458133793999, 0.5616540982570349)","(0.9279018174898599, 0.9090812325707993)","(0.8494580655180328, 0.8265154349313028)","(0.988911155329566, 0.9888764544069566)","(0.6612732595684047, 0.6172889041470491)","(0.6859877750206694, 0.6299920159653223)","(0.9989069803541006, 0.9981504863544148)","(0.4860501690145397, 0.4971325084115512)","(0.8661416593507009, 0.8405132976437995)","(0.6138711474127411, 0.5736539283031651)","(0.5265715189505928, 0.5152793310813275)","(0.48181870247267644, 0.5041589286905446)","(0.6283767615725808, 0.5319493479878299)","(0.809400766176458, 0.7910893008289331)","(0.15427897840771437, 0.17174989803566124)","(0.9779820721905229, 0.9772296208069716)","(0.9718958613290861, 0.9718762139740175)","(0.35706765844983007, 0.3265343063864752)","(0.18426709344663528, 0.17542899951442892)","(0.20005862500998833, 0.20052314622839515)","(0.9651744012520308, 0.9639132587376801)","(0.1594164890801033, 0.15230484904216884)","(0.9806170764107502, 0.9795758877877659)","(0.13389649102535764, 0.12471521974457678)","(0.7720561538589255, 0.7709234614450358)","(0.543361272214568, 0.5150754686880139)","(0.9236141526792595, 0.9188275930872689)","(0.3816524094047932, 0.39185863555564243)","(0.9993606729884611, 0.9995538351000592)","(0.5105496670325881, 0.4549992944101296)","(0.45746203801654256, 0.46563944428779147)","(0.5759595272086059, 0.5543273188289836)","(0.5076884449171372, 0.4859748483133557)","(0.9672556726191047, 0.9636652247699319)"
3,-2,"(0.997962130442889, 0.9981098769445377)","(0.38983561308118575, 0.38123926782053164)","(0.4248704179601755, 0.4259126304990995)","(0.5069534304013622, 0.4784672609058372)","(0.6178318749239907, 0.6264283889820699)","(0.8985597642957425, 0.8783251308027903)","(0.9404763511353176, 0.9270031239280793)","(0.9945001999326176, 0.9932918535421016)","(0.6300843764336297, 0.5998434361373195)","(0.704071079134497, 0.7355247140169477)","(0.6952157404438508, 0.6981282632190511)","(0.69146920308763, 0.6815105436362033)","(0.9977043373343235, 0.9968812713587968)","(0.5983136186146041, 0.5512237196319665)","(0.6748244681740404, 0.6267336716609315)","(0.9970351244926845, 0.9959117218271204)","(0.9975528087928992, 0.996246426931327)","(0.5646956348959871, 0.5538272840985267)","(0.595362206356049, 0.5853871136227817)","(0.8736904364392819, 0.8692061135158134)","(0.6227231657043971, 0.6102995091216195)","(0.9906026350254383, 0.9884187982492242)","(0.9803320337537454, 0.973816611902642)","(0.9985796257502847, 0.9985820824485481)","(0.9932372307835808, 0.9915421422438655)","(0.8958065001605431, 0.875160850899112)","(0.9984564834835582, 0.9978942059955712)","(0.9982158507571715, 0.9974893132536264)","(0.9980884765048097, 0.9971114619510473)","(0.9987666985998352, 0.9983636108955417)","(0.9986041348832609, 0.9982283262487534)","(0.9577775516925584, 0.9501257057468787)","(0.6884919602807271, 0.6908113881339473)","(0.8435847813961729, 0.8152375757223916)","(0.8971362054708685, 0.8837673466940996)","(0.9983074779996786, 0.9977680747548735)","(0.9955957229172502, 0.9953350610934445)","(0.9957389667455574, 0.9953444078646538)","(0.9881486212427228, 0.9858493291116258)","(0.9837757543708358, 0.9809669519877412)","(0.9802279634634091, 0.97625811720585)","(0.9579318666789788, 0.9518555895685712)","(0.90997921761396, 0.8979929494553154)","(0.9985549889600281, 0.9987464420377757)","(0.9877335259472393, 0.9857562426580679)","(0.9777208749873845, 0.9762192467682398)","(0.9829362880652349, 0.980112192272757)","(0.9269458248898198, 0.9238051572334322)","(0.9903633467197498, 0.988845957440848)","(0.9668717164836625, 0.964933181018711)","(0.9983132789394754, 0.9977918308245519)","(0.9453969806140943, 0.9416833352912832)","(0.9371704285628267, 0.932536976646045)","(0.9988932943693563, 0.9986158188616624)","(0.8910206502065902, 0.8875737679759449)","(0.9853792695309043, 0.9838036646641004)","(0.9133538562526001, 0.9096151575304848)","(0.9193182419116392, 0.9155899916820661)","(0.8624932858329369, 0.8586887294248965)","(0.9080727900865303, 0.8962055901252505)","(0.9811963239632453, 0.9804290902450757)","(0.9987330569053584, 0.9987886152589864)","(0.9977919401744775, 0.9974105857820498)","(0.9983485795435671, 0.998001721594823)","(0.9984755618011916, 0.9981377127972537)","(0.9989701472486004, 0.9990386239318074)","(0.998366646586385, 0.9984023722772366)","(0.9979996878151187, 0.997996223311786)","(0.998115843634756, 0.9980970769142744)","(0.9979498613730746, 0.9979656895484711)","(0.9983223801583933, 0.998270763295075)","(0.9988387797429757, 0.9987925927643887)","(0.7469579127448099, 0.744065111611771)","(0.9880777883186603, 0.9875224987880394)","(0.7341195682980486, 0.7332178133101465)","(0.9994125039010929, 0.9993994146795998)","(0.7443706827510711, 0.7462594065206236)","(0.8624535483116029, 0.8607436647720872)","(0.9272184122689678, 0.924450960141048)","(0.8516297434277889, 0.8513672257942347)","(0.9945514712258149, 0.9942596195776008)"
3,-1,"(0.38537956434245413, 0.3513018699666272)","(0.424653744962598, 0.42713156279560205)","(0.4392797141648776, 0.42157493610092145)","(0.467939753546731, 0.49615706831271394)","(0.5252602092311137, 0.5063777236295582)","(0.6253213172448289, 0.6268664206555994)","(0.8084600028579124, 0.7685645098799943)","(0.6489714448258939, 0.6437042944817641)","(0.7889646600608955, 0.8077583013644569)","(0.9194954334687073, 0.9242733213769949)","(0.8412602174661559, 0.8705311148709935)","(0.8701690359875724, 0.8996355655396235)","(0.9908387498493479, 0.9912846645779901)","(0.5162522250254493, 0.4706779183125848)","(0.5603357800072636, 0.5562812994384224)","(0.9624838170210811, 0.9579271258440706)","(0.9858155090281762, 0.9854924823625604)","(0.8369363348317232, 0.837697804710379)","(0.7460485854221945, 0.7550361220245992)","(0.9374082992460371, 0.9341206125906525)","(0.7818895443108023, 0.7935692166236952)","(0.864825730445798, 0.8835458752511507)","(0.8605621679679347, 0.8714988348583738)","(0.7490492511167434, 0.7313944281791337)","(0.527490289547421, 0.5320702182765884)","(0.6434638024232048, 0.6187201316583204)","(0.9563761800176878, 0.9492203777976518)","(0.979141738575221, 0.9770327872857805)","(0.9908798582343822, 0.9906759711794311)","(0.9511395220013537, 0.9515907646183395)","(0.9325260311249436, 0.9330266044860291)","(0.9152324123472645, 0.909228155776625)","(0.8012257882856895, 0.7993382057642926)","(0.6898803692286595, 0.710704840326341)","(0.9207122224303634, 0.917238809257286)","(0.6690717155165967, 0.6651501281151223)","(0.987617209664129, 0.986923667283052)","(0.7013022583259663, 0.7011286951210968)","(0.7122709529869377, 0.7115762176385371)","(0.8852785248888353, 0.8706070789489615)","(0.8884100999280625, 0.8754293823274769)","(0.8970734319663136, 0.9017221601568042)","(0.9370437271443385, 0.9333717669062724)","(0.8292671269692298, 0.8236371702916774)","(0.8017667313322311, 0.8089428661580741)","(0.7363733219042005, 0.7490907756510928)","(0.9173195380143903, 0.9184062105615076)","(0.695039681458386, 0.6980299897105264)","(0.8350834829561121, 0.8206150718862592)","(0.8312892947567084, 0.8252608209518257)","(0.8853694826380931, 0.8704639819397842)","(0.8875570170301833, 0.8866312315846216)","(0.9104539514962916, 0.9005609541207767)","(0.6174936162512108, 0.6182209885393841)","(0.8992177344500634, 0.898049523342816)","(0.8776626874654486, 0.8776434614484224)","(0.858797256730299, 0.8553885359856378)","(0.9050595142134692, 0.9059333109135652)","(0.9603773476830305, 0.9651008482200417)","(0.9509780965212143, 0.9489192018466978)","(0.9331659114034697, 0.939507799423822)","(0.26732066798123344, 0.273234442127976)","(0.9921873176224525, 0.9917990410000528)","(0.9560042568643288, 0.9557454650400183)","(0.2785132283134407, 0.2699864205956431)","(0.291775233731102, 0.31790222759132947)","(0.2833434143557978, 0.2659143772653525)","(0.9863142123235368, 0.9842971494244248)","(0.34557903736127354, 0.3437904723924317)","(0.9827092985341779, 0.9847473826222569)","(0.29790604845047963, 0.23157722651680124)","(0.9035467873625922, 0.897097933561352)","(0.7385287019158546, 0.7243846186742179)","(0.5912925340232534, 0.5670574769165)","(0.6419569233873758, 0.6221993156741639)","(0.8638708690633736, 0.8536522059874972)","(0.7198998650457157, 0.7149658009468842)","(0.8155734928193288, 0.7829079716638365)","(0.8098655430143513, 0.8059238023423507)","(0.8331123163205009, 0.860446361213269)","(0.9731908070637227, 0.97580360587031)"
3,0,"(nan, nan)","(nan, nan)","(nan, nan)","(nan, nan)","(nan, nan)","(nan, nan)","(nan, nan)","(nan, nan)","(nan, nan)","(nan, nan)","(nan, nan)","(nan, nan)","(nan, nan)","(nan, nan)","(nan, nan)","(nan, nan)","(nan, nan)","(nan, nan)","(nan, nan)","(nan, nan)","(nan, nan)","(nan, nan)","(nan, nan)","(nan, nan)","(nan, nan)","(nan, nan)","(nan, nan)","(nan, nan)","(nan, nan)","(nan, nan)","(nan, nan)","(nan, nan)","(nan, nan)","(nan, nan)","(nan, nan)","(nan, nan)","(nan, nan)","(nan, nan)","(nan, nan)","(nan, nan)","(nan, nan)","(nan, nan)","(nan, nan)","(nan, nan)","(nan, nan)","(nan, nan)","(nan, nan)","(nan, nan)","(nan, nan)","(nan, nan)","(nan, nan)","(nan, nan)","(nan, nan)","(nan, nan)","(nan, nan)","(nan, nan)","(nan, nan)","(nan, nan)","(nan, nan)","(nan, nan)","(nan, nan)","(nan, nan)","(nan, nan)","(nan, nan)","(nan, nan)","(nan, nan)","(nan, nan)","(nan, nan)","(nan, nan)","(nan, nan)","(nan, nan)","(nan, nan)","(nan, nan)","(nan, nan)","(nan, nan)","(nan, nan)","(nan, nan)","(nan, nan)","(nan, nan)","(nan, nan)","(nan, nan)"
3,1,"(0.35279372899171113, 0.4095104626330359)","(0.4070488010093294, 0.41045104046317016)","(0.4406275492938444, 0.42110103286527817)","(0.47487476680853336, 0.48760396156683405)","(0.5481154147397426, 0.5358994431292231)","(0.6221613632577625, 0.6239215509706949)","(0.8150426538540995, 0.7769103290448147)","(0.6511794052299753, 0.6485850816073302)","(0.7934299166018673, 0.8117478384585496)","(0.9112841427775645, 0.9175849639531596)","(0.8319582359978251, 0.8636247762671044)","(0.8588866092849968, 0.8922561049732342)","(0.991132743002594, 0.9914675711669847)","(0.5363969803374592, 0.4905719709794455)","(0.5374844349486614, 0.5354490801425759)","(0.9638926193829632, 0.9620666223708252)","(0.9875539226225551, 0.9867978427005379)","(0.8560122264634336, 0.8529936099340423)","(0.7246822645305048, 0.7396183904712336)","(0.9391441702336146, 0.9371953488161532)","(0.7786476818110399, 0.7853542415166029)","(0.8678947380076418, 0.882184771922705)","(0.8656902483366297, 0.8738500865334843)","(0.7446712486679665, 0.7265618277347372)","(0.4997861028369209, 0.5042592477664126)","(0.6596684208916274, 0.6442370910740883)","(0.95951070932238, 0.9498211102384271)","(0.9775193469211139, 0.9749192470545528)","(0.9894705355061604, 0.98905561134675)","(0.9568104134803287, 0.9558418795402394)","(0.9453097727865999, 0.9425462390264521)","(0.918673813329287, 0.9135785044356937)","(0.8110593470898155, 0.8081096610917219)","(0.6901622462272854, 0.7113860580839179)","(0.9232610678577494, 0.9205489737952356)","(0.6828377894315213, 0.6781608474617549)","(0.9865711007625027, 0.9860701796848467)","(0.7084470445578546, 0.7077746059626813)","(0.7159740155112954, 0.7154347990711417)","(0.886111285162931, 0.8738636507037336)","(0.886480116273316, 0.874454792681953)","(0.9022046253473108, 0.905593147765402)","(0.9458857349376257, 0.9440834457942476)","(0.8245435276397587, 0.8206728913743078)","(0.8015986256345714, 0.8116336773108834)","(0.7327427599737278, 0.7478188999426948)","(0.914533136015039, 0.9155486777033142)","(0.6913680948394928, 0.6877694851925672)","(0.8346823039283534, 0.8221333172136915)","(0.8357896505499394, 0.8317779562294648)","(0.8898293385898857, 0.8752440214148162)","(0.8891802277051862, 0.8880678884050184)","(0.9116082356066842, 0.9029739146061968)","(0.6281671863154592, 0.6075945336095594)","(0.8967019190410285, 0.8963016713594901)","(0.8738745481355339, 0.874421445072023)","(0.8523596404249584, 0.8573182646220074)","(0.8987065175912795, 0.9007917346314134)","(0.9647571208322386, 0.9668684019824096)","(0.9518987470024057, 0.949215106875854)","(0.9331181495710509, 0.9390533657313243)","(0.31355116397685207, 0.3596569057401289)","(0.9921840150455845, 0.9917831533953897)","(0.9557293669669535, 0.9557489023458005)","(0.277900940521054, 0.2804570135463685)","(0.29730348667774303, 0.2781766283131444)","(0.32980093547696676, 0.2957801598690155)","(0.9880464172691876, 0.9869763732195947)","(0.1585858448125701, 0.1764386233606569)","(0.9857301124705565, 0.9865740612506988)","(0.22581123180602283, 0.1338722684592073)","(0.9394068716194255, 0.9355091488127099)","(0.7394453209271185, 0.7252379825907949)","(0.5942238936089311, 0.565150788961293)","(0.6432683113800036, 0.6149896492993828)","(0.8664996560015942, 0.855954472238591)","(0.7202617563968746, 0.7164505530189895)","(0.8108133573124702, 0.7849738669361676)","(0.8198820582796569, 0.81565714437814)","(0.8426550148435498, 0.8665488708419931)","(0.9745980563677026, 0.9761149169627596)"
3,2,"(0.9979672527295074, 0.9981247788593288)","(0.3911584818300585, 0.3855682080379013)","(0.4286941866074896, 0.42868625682344846)","(0.5080724432203939, 0.47952882069523906)","(0.6174650187533781, 0.6260431109119148)","(0.8981340697957887, 0.8779194797986991)","(0.940660775825907, 0.9272765506054638)","(0.9945426983528539, 0.9933353025691432)","(0.6259241985950972, 0.5970849943543789)","(0.7158894299537482, 0.7419884731480157)","(0.6956735384770856, 0.6986393199783866)","(0.6946011951520846, 0.6840546128992832)","(0.9976891181714329, 0.9968877728545676)","(0.5997940270328572, 0.553077284138504)","(0.6735042590252405, 0.6249130413814292)","(0.9970761553566857, 0.9959248492965748)","(0.9975374991189767, 0.9962372470262288)","(0.5670846643569045, 0.5562830694877073)","(0.599197172913984, 0.5896111971113344)","(0.873850329979396, 0.8693907344835348)","(0.6208653052829631, 0.608373164252142)","(0.991002574476452, 0.9887834168985726)","(0.9798421887549845, 0.9735350066745787)","(0.9986924551226845, 0.9986897328866082)","(0.9932523193224586, 0.9915434950722556)","(0.8959752226278174, 0.8753343845719402)","(0.9984455449400832, 0.997881191601102)","(0.9981866264280674, 0.9974637398413617)","(0.9980622910192624, 0.9970897182046834)","(0.9987355871642771, 0.9982968975636625)","(0.9985847047222502, 0.9981870897969698)","(0.9574463646868425, 0.9498149207034939)","(0.6881838563607587, 0.6905690153063786)","(0.8426400215746604, 0.8138138585644825)","(0.8971790401364461, 0.8838390760659162)","(0.9984064117926413, 0.9978533537725599)","(0.9955447828822547, 0.9953113023530769)","(0.9957470104205889, 0.9953571468277006)","(0.9881080449513837, 0.9858113302226863)","(0.9837705337837663, 0.9809774253412689)","(0.9800984333335506, 0.9761286235525068)","(0.9579492195154078, 0.9518350646829722)","(0.9094542396641936, 0.8974162407127179)","(0.9985621912592609, 0.9987612575198243)","(0.9878904311394193, 0.9859103987067767)","(0.9777130512063144, 0.9762121920548438)","(0.9832529141880099, 0.9804424540512073)","(0.9268274148621242, 0.9236621100082923)","(0.9903097341037131, 0.9887820566817823)","(0.9667911704651808, 0.9648369858614411)","(0.9983567147986591, 0.9978342513689341)","(0.9451561538756684, 0.9414942168127718)","(0.9372575195381104, 0.9326266280238042)","(0.998914546650294, 0.9986153329976298)","(0.8906637275560794, 0.8870906696818923)","(0.9852306632774761, 0.9836455326071983)","(0.9130520194769465, 0.9093129525076574)","(0.9189591809960977, 0.9152070885840478)","(0.8625036186015218, 0.8586560070233232)","(0.9075264194305206, 0.8956077421182884)","(0.9811787662259576, 0.9804326073645877)","(0.9989092605551496, 0.9990514990890488)","(0.9977733678866166, 0.9973542906946038)","(0.9983275430343163, 0.9979855966408909)","(0.9983528997912182, 0.9980262365531269)","(0.9989565970940313, 0.9990077971951111)","(0.9984818503621369, 0.9984804805960996)","(0.997971577668877, 0.9979728364133155)","(0.9980271321080956, 0.9980424449923201)","(0.9979158331390515, 0.9979373982488408)","(0.9983376774953108, 0.9982769480063582)","(0.9987560607234833, 0.9987158077860637)","(0.7456771946111533, 0.742463072700136)","(0.9880863145318135, 0.9875376096221357)","(0.7334386718358825, 0.7325147479671206)","(0.9994314656487988, 0.9994334089460252)","(0.743338715859989, 0.7451679140364781)","(0.8624406149929251, 0.8607670318647727)","(0.9269705243157973, 0.9241016289151217)","(0.8523533635382752, 0.8519304331542339)","(0.9948181052443295, 0.9944855339866279)"
3,3,"(0.3712849700366273, 0.3742943750450294)","(0.2558558591864879, 0.24092093966074837)","(0.30122555738721457, 0.2619848779233933)","(0.375593259969854, 0.31619704002640486)","(0.4680934835124645, 0.3858403660440741)","(0.6494043745037577, 0.5436846603673777)","(0.7838840267981082, 0.696932631663069)","(0.9865067762377232, 0.979884087154253)","(0.45697312866105744, 0.49855498916640867)","(0.47838463092428163, 0.45846180465627207)","(0.5215778400686216, 0.47681129636329905)","(0.4003263715201466, 0.3557325827530131)","(0.9900859577380804, 0.9883486530976734)","(0.4692484005819327, 0.3858529744985165)","(0.5213071847834148, 0.5239143171422509)","(0.9542885548360043, 0.9502563874052532)","(0.9785282847815794, 0.9762890227805634)","(0.33073598265443127, 0.31517671731126157)","(0.28953809631420263, 0.2763444724872151)","(0.4705401467805847, 0.5001534812441221)","(0.4470727171568986, 0.41452320957809735)","(0.9830318000754933, 0.9740738252952733)","(0.9664943874355637, 0.9447719121862231)","(0.9747171731021285, 0.9743733690304849)","(0.9844542573652523, 0.9778014050101039)","(0.7075525636769893, 0.599527748355506)","(0.9601896375739578, 0.957221707947951)","(0.9700012941774382, 0.967403104300748)","(0.9717009219356626, 0.9691063296961354)","(0.9193067454364426, 0.9161325029764649)","(0.9565630700272678, 0.9545004884236279)","(0.7956439757300797, 0.7136383291243208)","(0.5063612907953938, 0.43865090880581187)","(0.5872858699419621, 0.49910322487692976)","(0.666935021717632, 0.5615098490178603)","(0.9965488844216674, 0.9966491529192396)","(0.9425646038915586, 0.9384245616302298)","(0.9803916863025376, 0.9727835052248018)","(0.9434459782927493, 0.9178963759999381)","(0.9496225238681296, 0.9242423067488236)","(0.9069920212787357, 0.8693633033687473)","(0.8555384929097504, 0.7974379414727978)","(0.6275531357720445, 0.5306978470952429)","(0.9989374739286111, 0.9996395603647849)","(0.9459452162928932, 0.9273603615407578)","(0.8545241194117488, 0.8358504891975715)","(0.8897205857869579, 0.8462637570687422)","(0.5958673883186714, 0.5619894031217977)","(0.9272648096229034, 0.9084045068115549)","(0.849144144523203, 0.8262235293423802)","(0.9888088693873079, 0.9888028793965684)","(0.6605709718398209, 0.6164704696143765)","(0.6863422122835168, 0.6302932542451475)","(0.998799194307827, 0.9980876416083803)","(0.48611304181676235, 0.497236897427651)","(0.8648619525556782, 0.839209455183542)","(0.6131228241955062, 0.5728953151352476)","(0.5259408981448866, 0.5150619750861428)","(0.482715069239778, 0.5050398318591315)","(0.6277059857944919, 0.5316643203828699)","(0.8084871834216762, 0.7902087113306585)","(0.18491462272200834, 0.18266461472768375)","(0.9790031635402826, 0.9782812176075814)","(0.9716159087436026, 0.9714696540095947)","(0.28689458312417815, 0.22251078201238705)","(0.20844512820253314, 0.2046087419221901)","(0.22686908420063964, 0.19346985891250307)","(0.9696418286397323, 0.9682722650687434)","(0.17963178838040847, 0.16722873944392122)","(0.9831820619315517, 0.9820168422993222)","(0.1583355543113805, 0.15329464091895398)","(0.794160883740688, 0.7945901526051468)","(0.5431987488164445, 0.5149500340914152)","(0.9240673056475314, 0.9193000837184535)","(0.3818747223434357, 0.39195492282513156)","(0.9993616957558835, 0.9995444620272728)","(0.5103488858495876, 0.45482383114725183)","(0.4573000857346241, 0.4654813809203805)","(0.5758278623643288, 0.5542144124710688)","(0.5078820619476987, 0.4861548956078074)","(0.9673298587431693, 0.9637086253314741)"
4,-4,"(0.9976913651895426, 0.9978451508126629)","(0.281576901945769, 0.295111424163512)","(0.3264145128431319, 0.3203646339230635)","(0.38560585662412356, 0.3481774064013881)","(0.4387821770454124, 0.4392401085080893)","(0.5696326016445921, 0.5531743320774003)","(0.7043820280176722, 0.6366810136137366)","(0.9808380673354514, 0.9707787927199981)","(0.6136233883096098, 0.5641577036329365)","(0.5429073745154593, 0.5129794304340775)","(0.5207598247945547, 0.49227711459058976)","(0.47987698655384176, 0.48258228046822155)","(0.9960789415997914, 0.9932517261436838)","(0.39945105549813154, 0.38572251423043596)","(0.5678448914394317, 0.472921954637822)","(0.9953761902650458, 0.9892105415690965)","(0.9956568058309808, 0.9899617240773901)","(0.35182253183472134, 0.3467287406362383)","(0.3211541219064029, 0.3126049900196836)","(0.6305960653533413, 0.6158874756482845)","(0.39862887668149155, 0.4105762439618507)","(0.982532721475779, 0.9713147012435596)","(0.948221441414406, 0.921399674237591)","(0.9707950889993222, 0.968441407582232)","(0.973124242118232, 0.9618332633481463)","(0.6014244676245426, 0.4996571027136707)","(0.9939717956216827, 0.9919902962863424)","(0.9942457626290124, 0.9920854099571796)","(0.9953140864978427, 0.9920579249237654)","(0.9918197834790439, 0.9910361829452098)","(0.9929774319068863, 0.9918761695114299)","(0.7486650736744782, 0.6664992057746406)","(0.41859701161858176, 0.4419181735925907)","(0.5736851918579952, 0.5969980402533728)","(0.6054815737752596, 0.5801421841202906)","(0.9942227380402429, 0.9934438897512315)","(0.9966467392464569, 0.992077520299727)","(0.9731728907857532, 0.9632753117950673)","(0.9284287073574179, 0.8938637023425501)","(0.9303367815171775, 0.8948605820663497)","(0.8833040349570038, 0.8313755517320217)","(0.8038485022082922, 0.7318317270096562)","(0.6252909652615539, 0.6371097913305105)","(0.9979007051320207, 0.998429784371721)","(0.9233741608303975, 0.8988976364994445)","(0.8094682884018538, 0.7849550101941383)","(0.856713212613914, 0.8084442692882414)","(0.5743995671976603, 0.5730335048394957)","(0.9067780639091498, 0.880638267115687)","(0.7932002335220958, 0.7627843280308518)","(0.9906667089842707, 0.9865695954112332)","(0.6314044328088596, 0.6155878689982157)","(0.6425982148064391, 0.6227722536172526)","(0.9960820155433785, 0.994500632377416)","(0.6253405377740462, 0.620376984534521)","(0.8350836768703307, 0.8014155737638906)","(0.5625043149885757, 0.5584235272735876)","(0.653923692468416, 0.658949556410729)","(0.6073607280740023, 0.5932076088229463)","(0.6263130879595414, 0.6381640224799098)","(0.7726027860514608, 0.75113884032541)","(0.9886961996469419, 0.9887879265222473)","(0.9947017495557033, 0.9934850214302946)","(0.9919098589561142, 0.9897208054289781)","(0.9909222274451213, 0.9870528523923306)","(0.9946272599876481, 0.9944655634879147)","(0.9837082707116556, 0.9757574692282899)","(0.9981285264317793, 0.9980353553387755)","(0.997989599959108, 0.9983696481669608)","(0.9978160732086605, 0.99765214425829)","(0.9964076665333212, 0.9957600947442363)","(0.9939267994393868, 0.9930780039434814)","(0.5234205347427087, 0.48123479926785384)","(0.8900356500397474, 0.8811138942435007)","(0.44391038917570785, 0.42032794447789584)","(0.9980448935991247, 0.9983629637398016)","(0.4906808821882928, 0.5078742349995363)","(0.547984770430984, 0.5400444326296717)","(0.6067703803209326, 0.6129439916942664)","(0.5508659666825957, 0.5548598640688618)","(0.9476777501402585, 0.9411970395710963)"
4,-3,"(0.1849788190117833, 0.17601070764079962)","(0.4782951729464631, 0.47902259149134296)","(0.4502728946195728, 0.45042451910120823)","(0.4513315149489941, 0.4542379204932005)","(0.5739824411435382, 0.5665818841688803)","(0.7851291825156637, 0.7752179034597646)","(0.884724007993922, 0.8758193646230916)","(0.9412213950589606, 0.9392655661782591)","(0.7769977623468693, 0.7790722625914347)","(0.7013178103855903, 0.7054345897267895)","(0.7143357305365909, 0.7203658748400747)","(0.7092139690697455, 0.6999135839445384)","(0.9889502237541965, 0.9886389361059139)","(0.45425626033021865, 0.4487780715181308)","(0.5660475264112261, 0.5564487933354058)","(0.9888197385484987, 0.9882835827171028)","(0.988055568785213, 0.9878251058210953)","(0.4730259680623889, 0.47016911309013537)","(0.4756621193131749, 0.4723589532547831)","(0.6491373404626543, 0.6505979167277731)","(0.5261086642987378, 0.5242384694210322)","(0.990395096094617, 0.9891632069022158)","(0.9642994918869412, 0.9586658669698584)","(0.9779493671607633, 0.9778034898363727)","(0.9609322461579355, 0.9577102287766601)","(0.7889786596238109, 0.7712578665817088)","(0.987222423287031, 0.9869286345711882)","(0.990289541380973, 0.9902075922722379)","(0.9908197467575021, 0.9908351083338509)","(0.9559464154759264, 0.9564737245518701)","(0.9725171253052729, 0.9726742360854208)","(0.8280158762146611, 0.8226864169828719)","(0.615256210214761, 0.6103495234374435)","(0.7805338865753014, 0.7811128786113313)","(0.5292042705746239, 0.5239583769392431)","(0.9948349681453768, 0.9948529752998753)","(0.9867558235900743, 0.9871781218067036)","(0.9600035765832615, 0.9587045950351255)","(0.8792571179753226, 0.8758266763693959)","(0.8251401326371189, 0.8204905884833533)","(0.8059900609985954, 0.8031751315783502)","(0.6933207870946808, 0.6905832148884314)","(0.7850865813455256, 0.7833170798434288)","(0.9905573024710251, 0.990761828117789)","(0.8315332559787973, 0.8301777607105945)","(0.8404880361920292, 0.838420811497352)","(0.7052781176261809, 0.7020209425283668)","(0.659726604452154, 0.658880446647044)","(0.8970174555225136, 0.8954789738542562)","(0.7996687502063877, 0.796893646925514)","(0.9833954392672619, 0.9829840611394568)","(0.7364361403783876, 0.7357356169116621)","(0.5834701506810716, 0.5814725456907598)","(0.9924719800121728, 0.9924867111828785)","(0.7026288200014033, 0.7021498045703526)","(0.8516244286924944, 0.8508602426063817)","(0.6457273307127585, 0.6454997844878331)","(0.8234126490083172, 0.8233253412313103)","(0.5992612168554564, 0.600055441957346)","(0.7706802847103947, 0.7688265081430941)","(0.8088229672170872, 0.8082303948451072)","(0.11522969328866599, 0.10871490393463172)","(0.9832270236886287, 0.9831934023173519)","(0.9797245316253409, 0.9798461289412842)","(0.14626023606921837, 0.14530256858705054)","(0.10780556137734836, 0.09160779272029419)","(0.17593374694128924, 0.15122775269141886)","(0.9862058175922237, 0.986101380429563)","(0.06748496795028794, 0.06803960403847685)","(0.9891894593128693, 0.9893080745377815)","(0.11449275617720367, 0.1121282936934125)","(0.9764111491946794, 0.9761613461138372)","(0.7034624497769602, 0.694371037061798)","(0.9712223348002926, 0.9702780828086776)","(0.6187559287506404, 0.6195645385140015)","(0.9940944261988666, 0.9942142886471925)","(0.6889973552275969, 0.6891838264511049)","(0.799115632266538, 0.7989855142841256)","(0.8893799813774589, 0.8889610763161792)","(0.8258274888976915, 0.8253674859911253)","(0.9843089314452494, 0.9837576134177397)"
4,-2,"(0.8344063207656152, 0.8354282956655221)","(0.511624418403381, 0.4977614057391055)","(0.49790656305094066, 0.5016322115440683)","(0.4610699198140823, 0.4493098500223767)","(0.5149876277092471, 0.5039346521664382)","(0.8590424855178505, 0.8350820777672155)","(0.48559324103643137, 0.47396019111426874)","(0.7445398034514924, 0.7401182099563997)","(0.6186288355862439, 0.618990339702562)","(0.5845978896281964, 0.5676730083936335)","(0.5990351236374145, 0.5972612106657644)","(0.5447579312088534, 0.539956095622815)","(0.8008505095276639, 0.7983963807460034)","(0.45711722469696725, 0.4214090779310328)","(0.5213153418065901, 0.5206543712030249)","(0.6974550186836151, 0.6986109640346834)","(0.7695328100431842, 0.7692255964061289)","(0.5914543236758624, 0.5857180964102316)","(0.5824583519113783, 0.5799136283272185)","(0.44965663417076956, 0.45119640433120567)","(0.6167082600339316, 0.6196381872703167)","(0.6016271738496278, 0.5838071638829794)","(0.6790868422817496, 0.655886041735112)","(0.4637397540225193, 0.46463376365643394)","(0.9795161888726831, 0.9771818588733959)","(0.8339539699524587, 0.8138519743633161)","(0.9538868641387166, 0.9533498169906666)","(0.9360464159889839, 0.9352418723636022)","(0.9139413367504943, 0.9131315078350677)","(0.9822437729376209, 0.9817613248168044)","(0.9708482347284012, 0.9703702879958046)","(0.7303617978206196, 0.7233775268103385)","(0.4754819536310609, 0.4672669795158657)","(0.547194782562979, 0.5598992748517453)","(0.6816192478991301, 0.6654444873892028)","(0.9693880973485188, 0.9666802873937289)","(0.7157978311089701, 0.7191147353988565)","(0.8976451111169833, 0.8936126423823281)","(0.8597390684598173, 0.8545240717362605)","(0.7724832280034687, 0.7678577718817454)","(0.7913523365836499, 0.7891308742374091)","(0.7933800827375882, 0.7839073856251387)","(0.7327651661766272, 0.7217697203148481)","(0.8382560125501095, 0.8312433748011747)","(0.6304617789125664, 0.6265329813347562)","(0.9255432542124838, 0.920390335718996)","(0.46058136648132925, 0.45581457946902754)","(0.9158389099531429, 0.9118881576880066)","(0.7424307547791106, 0.7352955537743558)","(0.868752219085108, 0.8600318811590633)","(0.5610065327456081, 0.5595464125696126)","(0.8274218862431288, 0.8178465361015984)","(0.661908558806002, 0.6524478528121217)","(0.9672627301771818, 0.9648543620213522)","(0.8239402391321597, 0.8144866096736368)","(0.6555066289342635, 0.6516529582213454)","(0.8495760735781007, 0.8391932340842893)","(0.717822177665774, 0.705923742417916)","(0.554451446041021, 0.5430754492177691)","(0.7035121993967246, 0.6949698175169721)","(0.8156855141504564, 0.8145689212666073)","(0.9834094885103197, 0.9812872838603643)","(0.6845217355783765, 0.6819127074217162)","(0.5588865326108069, 0.557719114989748)","(0.5422097020836217, 0.5415606766892956)","(0.9688334442441012, 0.9673738257461738)","(0.44318879866886557, 0.4329136245102157)","(0.7706631559470867, 0.7668721733182453)","(0.7006581451650116, 0.6974273545013604)","(0.8219851803106009, 0.8196010739663822)","(0.91865296400782, 0.9164832222710257)","(0.4745509840822911, 0.4722856119740325)","(0.5342242346412328, 0.5290841861812755)","(0.9361724046387387, 0.9331706204125024)","(0.7537107990017047, 0.7528135243179216)","(0.7790478984010725, 0.7731093687977261)","(0.5496095156147862, 0.5366603646817147)","(0.6892466656488191, 0.6841535024773135)","(0.6608733794552984, 0.665976605400498)","(0.5706676818228077, 0.5678469215348964)","(0.5753532260357797, 0.5706229057666335)"
4,-1,"(0.5613453673589094, 0.5318579381834682)","(0.22754458871374045, 0.22703367336145086)","(0.2485479771576533, 0.24318324449142065)","(0.34348229926914764, 0.3565725286237668)","(0.3752438072421905, 0.32546102165598106)","(0.47280475439952646, 0.4516813795495636)","(0.7950401517151979, 0.8036537526119488)","(0.8493605182435779, 0.8245385522808714)","(0.7954987268154777, 0.797767999209084)","(0.8279627372083834, 0.8601627474548617)","(0.9041037244250849, 0.903521815309105)","(0.9151720813610711, 0.9257275360800907)","(0.7944352196736973, 0.709001848532882)","(0.3406704406945767, 0.35827103165112834)","(0.4758295312296625, 0.5180492123495927)","(0.8393084367206888, 0.8385992359096992)","(0.8138286154840481, 0.8350345589481375)","(0.8509530925015029, 0.8519960113722067)","(0.847995513063511, 0.8413178588634302)","(0.7105242223844352, 0.6653675754961718)","(0.8544862340009542, 0.9192429801803695)","(0.8315849743034878, 0.8317675862846303)","(0.7734274805268573, 0.7790638886972836)","(0.6624051516341378, 0.7301198904981219)","(0.5488896029279554, 0.5431318706268864)","(0.368975821421662, 0.39226860411258546)","(0.5257986373092687, 0.6340774224951427)","(0.5316097052680191, 0.4206810989580731)","(0.6120111352846457, 0.6113275871944519)","(0.7254777600593483, 0.7052627611933205)","(0.526981221654634, 0.601586195362256)","(0.6440100134399291, 0.6731036765656002)","(0.7753753253784784, 0.7740637258580085)","(0.5759327164561313, 0.5009925201462792)","(0.833429152552419, 0.8150647051717651)","(0.3664952812808746, 0.3856518669263745)","(0.6272036384525215, 0.8081438373382456)","(0.4546865186388166, 0.4572362629889698)","(0.38040816390614474, 0.381518044651404)","(0.714110236880047, 0.780077038506363)","(0.6186630467038953, 0.5681471803923858)","(0.8612107397391723, 0.8777581608040126)","(0.7380543383208071, 0.8409871167524358)","(0.51097191150895, 0.48595038445032485)","(0.8954579313501297, 0.8932938386623747)","(0.47121604900738523, 0.45478337353156384)","(0.8368159057645292, 0.8170354607874837)","(0.4503424540601416, 0.5127857416204297)","(0.5179233961279813, 0.6187266391065783)","(0.6444747051292468, 0.6737530584894458)","(0.8236940216164332, 0.8339337056979829)","(0.5453103173594857, 0.6068062736011894)","(0.7958765711028001, 0.8372489139373483)","(0.5014332991699888, 0.4469905166869484)","(0.5369275626443737, 0.6175342962366652)","(0.537678171214141, 0.5428647171305574)","(0.7091651340367213, 0.8049105790847098)","(0.5740381476375064, 0.5821850392215494)","(0.7915612514260687, 0.833296835863792)","(0.821831174766523, 0.8687582680579656)","(0.6257207446528571, 0.7999346750165873)","(0.17144218467170516, 0.17706168994937035)","(0.7963836510878924, 0.7621549048472565)","(0.8291004925046666, 0.8291786860647071)","(0.22795700210915618, 0.22341011288693793)","(0.10285613420987454, 0.13302790895588681)","(0.24590727697304574, 0.24530565108837354)","(0.8947431378885425, 0.6885690522498743)","(0.22056140315223208, 0.1682647363452831)","(0.7431185791152641, 0.8079185574022129)","(0.20127832306947105, 0.19498969036230396)","(0.8623216622909554, 0.8604748013057943)","(0.48700834184954084, 0.46998981775664295)","(0.47091357900211495, 0.4202695484607381)","(0.4173863005889879, 0.4520797519483193)","(0.5028693188677323, 0.49280141529274984)","(0.7938483359887636, 0.7366400520614872)","(0.5078016935773985, 0.5792531395546083)","(0.6447414825751807, 0.5817625924813632)","(0.8482351406011915, 0.8389379090090173)","(0.7743669366541692, 0.7593670070832368)"
4,0,"(nan, nan)","(nan, nan)","(nan, nan)","(nan, nan)","(nan, nan)","(nan, nan)","(nan, nan)","(nan, nan)","(nan, nan)","(nan, nan)","(nan, nan)","(nan, nan)","(nan, nan)","(nan, nan)","(nan, nan)","(nan, nan)","(nan, nan)","(nan, nan)","(nan, nan)","(nan, nan)","(nan, nan)","(nan, nan)","(nan, nan)","(nan, nan)","(nan, nan)","(nan, nan)","(nan, nan)","(nan, nan)","(nan, nan)","(nan, nan)","(nan, nan)","(nan, nan)","(nan, nan)","(nan, nan)","(nan, nan)","(nan, nan)","(nan, nan)","(nan, nan)","(nan, nan)","(nan, nan)","(nan, nan)","(nan, nan)","(nan, nan)","(nan, nan)","(nan, nan)","(nan, nan)","(nan, nan)","(nan, nan)","(nan, nan)","(nan, nan)","(nan, nan)","(nan, nan)","(nan, nan)","(nan, nan)","(nan, nan)","(nan, nan)","(nan, nan)","(nan, nan)","(nan, nan)","(nan, nan)","(nan, nan)","(nan, nan)","(nan, nan)","(nan, nan)","(nan, nan)","(nan, nan)","(nan, nan)","(nan, nan)","(nan, nan)","(nan, nan)","(nan, nan)","(nan, nan)","(nan, nan)","(nan, nan)","(nan, nan)","(nan, nan)","(nan, nan)","(nan, nan)","(nan, nan)","(nan, nan)","(nan, nan)"
4,1,"(0.46496336472615774, 0.5012261786658091)","(0.26193442102873143, 0.2517354664078335)","(0.24408844769170457, 0.2511384650158631)","(0.3063773609367688, 0.3580239240938039)","(0.40205505180324635, 0.3594260849074431)","(0.4745048617749051, 0.4539473336281025)","(0.7989441861501282, 0.8062658895947717)","(0.84469971432629, 0.8199425685934567)","(0.7942987419618324, 0.7950233018080678)","(0.8186601769826138, 0.8011690654782444)","(0.9042470329381227, 0.9074284329492863)","(0.8974071362620546, 0.9014347868363528)","(0.8019783978858719, 0.6729708327123105)","(0.4675940221453596, 0.4205291673086462)","(0.5273830967545315, 0.5126222030179681)","(0.8202481732381263, 0.8163125896103038)","(0.8476737683058277, 0.8599061556142569)","(0.8415776923090089, 0.8425065169608371)","(0.8195198802483805, 0.8164323981629198)","(0.7285594598813915, 0.7202715840886207)","(0.8407430755457276, 0.9286601968171564)","(0.8339479931372971, 0.8357239976799006)","(0.7769234489519754, 0.7702551369829627)","(0.6601660353479214, 0.7233228852139572)","(0.521673731725181, 0.5146520090447412)","(0.3619459288371826, 0.3885929735832961)","(0.4080392912446447, 0.6146225226926884)","(0.410428525638564, 0.5813820351807847)","(0.5625969200471115, 0.5848374304887132)","(0.6411817431600952, 0.600205608216353)","(0.5347576183285783, 0.667754481911184)","(0.6586891997222537, 0.6922243903818611)","(0.7753374167741992, 0.7750793363723503)","(0.5674298005357375, 0.48728532483323717)","(0.8257189484190266, 0.8143168295421807)","(0.38167986101649515, 0.3945553863825566)","(0.6758557291313474, 0.8193160838069516)","(0.4503117348108066, 0.45232691265865116)","(0.3874227452361143, 0.38779159122883283)","(0.7064821897262051, 0.7732096682815209)","(0.6171678422501907, 0.5741096721659352)","(0.8587921803387827, 0.8750466398720913)","(0.8130770398879652, 0.7874282510977534)","(0.528920756369703, 0.5085783352789472)","(0.8962672586670628, 0.8904086453530574)","(0.4571840219062587, 0.434016408842746)","(0.8968553608380054, 0.874709981799422)","(0.6340568271170196, 0.4924686954094559)","(0.5201582738026497, 0.6232724852149066)","(0.6276431952331634, 0.6531582200215957)","(0.824759380776245, 0.837029736234734)","(0.554049425282159, 0.5925570454434294)","(0.8094327913968654, 0.8423035671172642)","(0.48740072965286907, 0.42517910090963074)","(0.46957822378779235, 0.6508046362742189)","(0.5411021380907862, 0.5519246891592429)","(0.6807309741206403, 0.7821646016758914)","(0.7264011045693166, 0.7293148885661992)","(0.7974748966089926, 0.8344775543477116)","(0.8333049186495546, 0.8739375805758948)","(0.6332920373350717, 0.8123843224448576)","(0.1958013735500749, 0.17868894162789836)","(0.8213333456414982, 0.80079270686744)","(0.8617111411142007, 0.8606326862505107)","(0.2175911972123763, 0.2227562122236246)","(0.10730150713580167, 0.11604203440045782)","(0.17568282625880546, 0.17512341200087536)","(0.9016223207230092, 0.7119540874936733)","(0.15086536923273122, 0.13452838344848306)","(0.830943979265461, 0.7706670387626496)","(0.1766207468140917, 0.20353603927463373)","(0.8542392857452138, 0.8641531391641875)","(0.4822568790953188, 0.4566154136199079)","(0.5087564074808087, 0.45370289116939266)","(0.43650086129421445, 0.4847816952719733)","(0.5076384861721929, 0.49915041993697923)","(0.790722435197366, 0.7408738905822774)","(0.49869984407640394, 0.5741072921563944)","(0.6124599605406175, 0.5492851518181973)","(0.8640992622430753, 0.8535226487439006)","(0.7755890286540772, 0.7603050383249099)"
4,2,"(0.8354064520758613, 0.8363989945822288)","(0.5138405247665817, 0.4950272820332128)","(0.49537638635968484, 0.505677993687044)","(0.466360352025811, 0.45395392548340835)","(0.5229174406288943, 0.5116965901746008)","(0.8600590690384701, 0.8360730626277453)","(0.48650000876424015, 0.475100832970541)","(0.744401902881562, 0.7400000101113694)","(0.6192948515510166, 0.6189940960239144)","(0.5340711225050053, 0.519303759048914)","(0.5852982518571643, 0.5834832140863315)","(0.5371007581140771, 0.532912784904029)","(0.8036853197698589, 0.8012242140463794)","(0.45496738208463733, 0.41959787109853824)","(0.5172320923768643, 0.5164618172632672)","(0.7043127761439684, 0.705532694794841)","(0.7739967771529982, 0.7737477969581372)","(0.600234813870767, 0.593755829398176)","(0.5833585227604926, 0.5794371952101136)","(0.45269247270789775, 0.45416414968295504)","(0.6195403634695839, 0.6222815852782484)","(0.6045022105368033, 0.5867109349772988)","(0.6708795671480987, 0.6485960248390799)","(0.45940533486949364, 0.46074006632499953)","(0.9790641273288362, 0.9767751749985124)","(0.8335843269120591, 0.8132981424103695)","(0.9542437718895658, 0.9537107441975671)","(0.936532996268832, 0.9357341385013845)","(0.9145968717560797, 0.913756720908552)","(0.9817410979913299, 0.9812862318142136)","(0.9705585688252768, 0.9700676805690785)","(0.7342056868606195, 0.7269831353352014)","(0.47462506855754305, 0.4664803632769333)","(0.542777522931076, 0.5550771807956634)","(0.6815902643216767, 0.6653844080403568)","(0.9700745163158522, 0.9674101773728045)","(0.7221286625839682, 0.7254742823051124)","(0.8985490484220732, 0.89457708421729)","(0.8612698156751075, 0.8561246445905032)","(0.7723782602520449, 0.7678542140263884)","(0.7933906856251864, 0.7912291795608889)","(0.7932061491872214, 0.7835740272262789)","(0.7362452632306397, 0.725220100607353)","(0.8379142334565742, 0.8309084365207053)","(0.6306954763280275, 0.6268648671720729)","(0.9264401724126732, 0.9213326117287751)","(0.4613318339512386, 0.45659874984552556)","(0.9163995579715418, 0.9123016488579138)","(0.7440099554401681, 0.7371033202064486)","(0.8682195537542509, 0.859500032237244)","(0.5602568984096971, 0.5588179037868474)","(0.8295017022122286, 0.8196784216534483)","(0.6613118497390259, 0.6518837506501176)","(0.9667861204648225, 0.9642945574956352)","(0.8252545390307436, 0.8156987393694728)","(0.657662400275934, 0.6540355156546728)","(0.849013854907037, 0.8386222967782614)","(0.7216603445206847, 0.7096580209190425)","(0.554251093938258, 0.5429111833863172)","(0.7053104006379446, 0.6965386765035987)","(0.8180328546059225, 0.8169367425193652)","(0.9829994714860469, 0.9809480203055643)","(0.6877385022465912, 0.6851045608577063)","(0.563947956347835, 0.5627730040002241)","(0.5446564901520963, 0.5439721096725157)","(0.9682354146104949, 0.9667632275980037)","(0.44267328538674017, 0.4323478721858205)","(0.7721353128739161, 0.7683474660484031)","(0.7027865057252896, 0.6995285896117983)","(0.8238515430189278, 0.8214856867965059)","(0.9184954402238288, 0.9163234264770446)","(0.4756984063015955, 0.4735798812778254)","(0.5417140432111816, 0.5356801524682817)","(0.9366621379656914, 0.9336475446038376)","(0.75612669863373, 0.7550474519724252)","(0.7776173945430025, 0.7718437408730955)","(0.5508725709839002, 0.5378033643663948)","(0.6894250739230183, 0.6844008596949636)","(0.6597409320001318, 0.6647514369811268)","(0.5665921409761919, 0.5640431468080901)","(0.572602285681172, 0.5679183622797579)"
4,3,"(0.21201447774575766, 0.20161216450100367)","(0.4868582223649224, 0.48621788607818267)","(0.45100992137724494, 0.45020231063821364)","(0.44729814948889396, 0.45038759797493)","(0.5740334836061298, 0.5663821975200333)","(0.785846470825931, 0.7758612440532322)","(0.8836295535288162, 0.8747637019357464)","(0.9414095576604193, 0.9394172729907212)","(0.775868366941202, 0.7780198162628958)","(0.7022297560603722, 0.706974041875667)","(0.7141979661069784, 0.7201674394213402)","(0.7116777870694082, 0.7022353801444676)","(0.9898521765780448, 0.9895498528568731)","(0.45472791651151245, 0.4495516730375395)","(0.5680629098042228, 0.5584434795273328)","(0.9893000732002615, 0.9887636014863157)","(0.9888369191414723, 0.9886107196865265)","(0.46987224705042757, 0.4671778524408041)","(0.4792273375484295, 0.47595623381856256)","(0.647166952946426, 0.6483415644187946)","(0.5199370503394701, 0.5180665913803106)","(0.9906837354537281, 0.9894955525462251)","(0.9637486049848154, 0.9579788881790153)","(0.9776588310237574, 0.9773193831888887)","(0.9639929697099442, 0.9609041230253962)","(0.7898497716398989, 0.7722008274113558)","(0.9881349237297711, 0.9878843811537428)","(0.9919241819312877, 0.9918069612602657)","(0.9930351977173434, 0.9928169350938424)","(0.9540067787880657, 0.954391758427519)","(0.9730655585544553, 0.973435186570463)","(0.830361265306318, 0.8251914101040329)","(0.6138794024207002, 0.6090642229987747)","(0.781593722120034, 0.78217308899928)","(0.5245400707653106, 0.5191178034480721)","(0.9953642031305387, 0.9953144384991474)","(0.9875896965656279, 0.9878362420470146)","(0.9598396060067785, 0.9584812734327107)","(0.8797416893470793, 0.876199616000911)","(0.8248646627161405, 0.819921051273028)","(0.8079727719549535, 0.8051842395116835)","(0.6926625208774106, 0.6895090273407398)","(0.7875358498353785, 0.7857276170540135)","(0.9903616256140971, 0.9905896485813305)","(0.8322861948060325, 0.8310076675069362)","(0.8402071685046744, 0.8381398081248532)","(0.7079344829127303, 0.7045803876670136)","(0.6591115705013345, 0.6582451621294343)","(0.898127352223117, 0.8964840343565685)","(0.7997250185709794, 0.7969930619830327)","(0.9832105667567244, 0.9828674811617265)","(0.7387123975383812, 0.738086834600861)","(0.583052167814985, 0.5809749924053048)","(0.992691450910674, 0.9926861267284292)","(0.7044826417609965, 0.7039970206034776)","(0.8531361681320914, 0.8523640749740374)","(0.6468666827747309, 0.646740934584636)","(0.8257788315058314, 0.825775254405107)","(0.5956793566906249, 0.596515699766624)","(0.773316699308797, 0.7714766112838999)","(0.8106025915401035, 0.8099113596123796)","(0.12236096720061496, 0.11110446718639465)","(0.9842963088366072, 0.9841015869268265)","(0.980842585081591, 0.9808798801914657)","(0.14265770297712074, 0.14252125101017596)","(0.06626644827210255, 0.07010530055568574)","(0.1645414598591697, 0.14466309271630784)","(0.9864903980686733, 0.9864377640113067)","(0.08119517736653614, 0.07212241852196999)","(0.9906364111970909, 0.9906729926795088)","(0.07672753227112138, 0.0709862862723654)","(0.9758856052823026, 0.9757804721145308)","(0.7045121085293975, 0.6954151961069038)","(0.9716006195520894, 0.9704743762201701)","(0.6192351109695661, 0.6200624563817007)","(0.994133302813776, 0.9943074672447406)","(0.6848499899062571, 0.6850993619402979)","(0.7985006034681589, 0.7984273282638764)","(0.8895120992666896, 0.8891432223447053)","(0.82385321567777, 0.8234103803728665)","(0.9845530061690093, 0.9840061641095527)"
4,4,"(0.9977015908640476, 0.9978463166286555)","(0.28006602257373636, 0.29299058946301776)","(0.3254990872993652, 0.3203981707803711)","(0.3851229233417146, 0.34771838122359455)","(0.43891664280476334, 0.43936755468034916)","(0.5695436253869725, 0.5533923858887906)","(0.7044009463754979, 0.6367020739347745)","(0.9809310757978469, 0.9708804902460061)","(0.6138052508481551, 0.5642528809806022)","(0.5441308429173521, 0.5144024548094347)","(0.5209892288411831, 0.49246045985850273)","(0.4800265261545764, 0.4827937381239507)","(0.9961315781312001, 0.993275690584202)","(0.4003639298118621, 0.3865171868474098)","(0.5676857253984193, 0.4728490991341574)","(0.9953391148670636, 0.9892078213211778)","(0.995675116812824, 0.9899660212260347)","(0.3516269074738878, 0.3464978398129943)","(0.32115143147830155, 0.31241002762187214)","(0.6308268360701663, 0.6161190556884564)","(0.3984976536373581, 0.4104210636216405)","(0.9825570030349562, 0.9713324583390747)","(0.9482321406382908, 0.9214297716156696)","(0.9707602788558575, 0.9684160261411053)","(0.9728925584752198, 0.9616269324292434)","(0.6006257713509975, 0.4992107499599058)","(0.9940292018898971, 0.9920273088361339)","(0.9942577745025868, 0.9921057557256475)","(0.9953857750909978, 0.9920849795424306)","(0.991984328158373, 0.991167592360818)","(0.9929770755247255, 0.9920095189964876)","(0.7484596388111612, 0.6662567943458799)","(0.4184561707291885, 0.4417885453845687)","(0.5737544566660271, 0.5971092935215792)","(0.6056962037946695, 0.5803575850180593)","(0.9940463498969052, 0.9932740025273307)","(0.9967476722900757, 0.9921105962112526)","(0.9731218157752377, 0.963191974645926)","(0.9283659168395146, 0.8937889801221601)","(0.9304325625002814, 0.8949691914633479)","(0.8832241025664405, 0.8312936100109402)","(0.8040108308372366, 0.732011112620572)","(0.6247333113823001, 0.6365645982832686)","(0.9979286198895146, 0.9984408188072591)","(0.9235372155695057, 0.8990433024663453)","(0.8092390715688131, 0.7847150948967235)","(0.8569005997584752, 0.8085939624264538)","(0.5743633967782258, 0.5730678381019584)","(0.9067244394784959, 0.8805670929103542)","(0.7933000851669585, 0.7628947073206749)","(0.9906775462454116, 0.986596813702375)","(0.6311617082570009, 0.6153154613435017)","(0.6427566455125384, 0.622902779880196)","(0.995959056953307, 0.9944375587719779)","(0.6249384936372495, 0.6199477730379547)","(0.8348727393367803, 0.8012044360711824)","(0.5627071455941965, 0.5586321799037167)","(0.6534118925957444, 0.6584713982628716)","(0.6075865199583511, 0.5934188833544478)","(0.6257007478134926, 0.6375533633961361)","(0.7725828081614478, 0.7511182639916931)","(0.9889092805858307, 0.9892289000342116)","(0.9946980472337511, 0.993489413149932)","(0.9918800787420443, 0.989700746755003)","(0.9909103251411389, 0.9870735414833508)","(0.9946876389647158, 0.9945036412548687)","(0.983518036556158, 0.9756720331766597)","(0.9981318888739859, 0.998038252398581)","(0.9979826822413025, 0.9983757846624858)","(0.9978254817482564, 0.9976567403625477)","(0.9964007039483527, 0.9957339840932186)","(0.9939272474277505, 0.9930643192863553)","(0.5234437710541419, 0.4813571442170104)","(0.8899017136937217, 0.8809963082996537)","(0.44402021145001896, 0.42035999236501415)","(0.9979976249483489, 0.9983187866317508)","(0.4905651218646887, 0.5077363043964577)","(0.5478794231579213, 0.5399302380530939)","(0.6068667415300063, 0.613040682110809)","(0.5509242123583897, 0.554922242904016)","(0.9476795812466854, 0.9411997615911695)"
